Firefox,4,4,54,4,34
Chrome,4,4,60,0,40
Safari,4,4,63,8,43
Firefox,4,4,54,4,34
Chrome,4,4,60,0,40
Safari,4,4,63,8,43
Firefox,4,4,54,4,34
Chrome,4,4,60,0,40
Safari,4,4,63,8,43
Firefox,4,4,54,4,34
Chrome,4,4,60,0,40
Safari,4,4,63,8,43
Firefox,4,4,54,4,34
Chrome,4,4,60,0,40
Safari,4,4,63,8,43
Firefox,4,4,54,4,34
Chrome,4,4,60,0,40
Safari,4,4,63,8,43
Firefox,4,4,54,4,34
Chrome,4,4,60,0,40
Safari,4,4,63,8,43
Firefox,4,4,54,4,34
Chrome,4,4,60,0,40
Safari,4,4,63,8,43
Firefox,4,4,54,4,34
Chrome,4,4,60,0,40
Safari,4,4,63,8,43
Firefox,4,4,54,4,34
Chrome,4,4,60,0,40
Safari,4,4,63,8,43
Firefox,4,4,54,4,34
Chrome,4,4,60,0,40
Safari,4,4,63,8,43
Firefox,4,4,54,4,34
Chrome,4,4,60,0,40
Safari,4,4,63,8,43
Firefox,4,4,54,4,34
Chrome,4,4,60,0,40
Safari,4,4,63,8,43
